{
  "iri": "16409ddc-19f9-43a6-a14e-a64599922d19",
  "types": [
    "http://dataspecer.com/resources/local/semantic-model"
  ],
  "userMetadata": {
    "label": {
      "en": "AMCR metadata profile v2.2"
    },
    "description": {
      "en": "Semantic model for the profile"
    }
  },
  "metadata": {
    "creationDate": "2025-12-02T15:40:55.085Z",
    "modificationDate": "2025-12-02T15:41:52.977Z"
  },
  "_version": 1,
  "_exportVersion": 1,
  "_exportedAt": "2025-12-02T15:42:31.176Z",
  "_exportedBy": "http://localhost:3100"
}