{
  "iri": "16409ddc-19f9-43a6-a14e-a64599922d19",
  "types": [
    "http://dataspecer.com/resources/local/semantic-model"
  ],
  "userMetadata": {
    "label": {
      "en": "AMCR metadata profile v2.2"
    },
    "description": {
      "en": "Semantic model for the profile"
    }
  },
  "metadata": {
    "creationDate": "2025-10-11T02:13:44.801Z",
    "modificationDate": "2025-10-12T16:51:21.079Z"
  },
  "_version": 1,
  "_exportVersion": 1,
  "_exportedAt": "2025-10-12T16:53:21.287Z",
  "_exportedBy": "http://localhost:3100"
}