{
  "iri": "548a4f1f-a785-4dec-ad6d-708422cff13e",
  "types": [
    "http://dataspecer.com/resources/local/visual-model"
  ],
  "userMetadata": {
    "label": {
      "en": "View for AMCR metadata profile v2.2"
    },
    "description": {
      "en": "View model for the profile"
    }
  },
  "metadata": {
    "creationDate": "2025-10-11T02:13:44.849Z",
    "modificationDate": "2025-10-12T16:51:22.061Z"
  },
  "_version": 1,
  "_exportVersion": 1,
  "_exportedAt": "2025-10-12T16:53:21.292Z",
  "_exportedBy": "http://localhost:3100"
}