{
  "iri": "548a4f1f-a785-4dec-ad6d-708422cff13e",
  "types": [
    "http://dataspecer.com/resources/local/visual-model"
  ],
  "userMetadata": {
    "label": {
      "en": "View for AMCR metadata profile v2.2"
    },
    "description": {
      "en": "View model for the profile"
    }
  },
  "metadata": {
    "creationDate": "2025-12-02T15:40:55.222Z",
    "modificationDate": "2025-12-02T15:41:57.600Z"
  },
  "_version": 1,
  "_exportVersion": 1,
  "_exportedAt": "2025-12-02T15:42:31.194Z",
  "_exportedBy": "http://localhost:3100"
}