{
  "iri": "72cbe62f-4309-40d3-b157-f5e3ee2863f4/cf299628-832c-4ae2-9a58-7587d6a908c8/vocabulary",
  "types": [
    "http://dataspecer.com/resources/local/semantic-model"
  ],
  "userMetadata": {
    "label": {
      "en": "AMCR model v2.2"
    },
    "documentBaseUrl": "https://arup-cas.github.io/dataspecer-vocabs/amcr/AMCR-model-2.2/en/"
  },
  "metadata": {
    "creationDate": "2025-10-11T13:17:39.814Z",
    "modificationDate": "2025-10-11T14:00:42.863Z"
  },
  "_version": 1,
  "_exportVersion": 1,
  "_exportedAt": "2025-10-11T14:00:53.005Z",
  "_exportedBy": "http://localhost:3100"
}