{
  "iri": "9c686972-58f9-485f-b7b9-e59d34181033",
  "types": [
    "http://dataspecer.com/resources/local/visual-model"
  ],
  "userMetadata": {
    "label": {
      "en": "Main view"
    },
    "description": {
      "en": "View model for the vocabulary"
    }
  },
  "metadata": {
    "creationDate": "2025-10-09T15:54:56.994Z",
    "modificationDate": "2025-10-11T00:28:57.436Z"
  },
  "_version": 1,
  "_exportVersion": 1,
  "_exportedAt": "2025-10-11T01:33:36.421Z",
  "_exportedBy": "http://localhost:3100"
}