{
  "iri": "eb3e8da1-ebff-439f-8a42-7fda9e19c22f",
  "types": [
    "http://dataspecer.com/resources/local/semantic-model"
  ],
  "userMetadata": {
    "label": {
      "en": "AMCR model v2.2"
    },
    "description": {
      "en": "Semantic model for the vocabulary"
    }
  },
  "metadata": {
    "creationDate": "2025-10-09T15:54:56.954Z",
    "modificationDate": "2025-10-11T00:28:56.986Z"
  },
  "_version": 1,
  "_exportVersion": 1,
  "_exportedAt": "2025-10-11T00:58:35.403Z",
  "_exportedBy": "http://localhost:3100"
}