{
  "iri": "72cbe62f-4309-40d3-b157-f5e3ee2863f4/21a29b92-565b-4fd9-afe6-ae2d57eef087",
  "types": [
    "http://dataspecer.com/resources/local/package"
  ],
  "userMetadata": {
    "label": {
      "en": "AMCR model v2.2"
    },
    "description": {},
    "importedFromUrl": "https://arup-cas.github.io/dataspecer-vocabs/amcr/AMCR-model-2.2/en/",
    "documentBaseUrl": "https://arup-cas.github.io/dataspecer-vocabs/amcr/AMCR-model-2.2/en/"
  },
  "metadata": {
    "creationDate": "2025-10-10T16:04:32.244Z",
    "modificationDate": "2025-10-11T00:58:08.099Z"
  },
  "_version": 1,
  "_exportVersion": 1,
  "_exportedAt": "2025-10-11T00:58:26.689Z",
  "_exportedBy": "http://localhost:3100"
}