{
  "iri": "72cbe62f-4309-40d3-b157-f5e3ee2863f4/21c25dc7-7307-411c-9543-80c7b2867baf/vocabulary",
  "types": [
    "http://dataspecer.com/resources/local/semantic-model"
  ],
  "userMetadata": {
    "label": {
      "en": "AMCR model v2.2"
    },
    "documentBaseUrl": "https://arup-cas.github.io/aiscr-rdf-vocabs/amcr/AMCR-model-2.2/en/"
  },
  "metadata": {
    "creationDate": "2025-12-02T15:41:02.503Z",
    "modificationDate": "2025-12-02T15:41:53.332Z"
  },
  "_version": 1,
  "_exportVersion": 1,
  "_exportedAt": "2025-12-02T15:42:31.313Z",
  "_exportedBy": "http://localhost:3100"
}