{
  "iri": "72cbe62f-4309-40d3-b157-f5e3ee2863f4/a3c6fb90-25a6-4181-bd88-927f4a5f28ee/vocabulary",
  "types": [
    "http://dataspecer.com/resources/local/semantic-model"
  ],
  "userMetadata": {
    "label": {
      "en": "AMCR model v2.2"
    },
    "documentBaseUrl": "https://arup-cas.github.io/dataspecer-vocabs/amcr/AMCR-model-2.2/en/"
  },
  "metadata": {
    "creationDate": "2025-10-11T01:05:29.108Z",
    "modificationDate": "2025-10-11T01:32:05.361Z"
  },
  "_version": 1,
  "_exportVersion": 1,
  "_exportedAt": "2025-10-11T01:33:26.547Z",
  "_exportedBy": "http://localhost:3100"
}