{
  "iri": "72cbe62f-4309-40d3-b157-f5e3ee2863f4/392f2f9e-238c-499d-9bc7-5d4469ea096c/vocabulary",
  "types": [
    "http://dataspecer.com/resources/local/semantic-model"
  ],
  "userMetadata": {
    "label": {
      "en": "AMCR model v2.2"
    },
    "documentBaseUrl": "https://arup-cas.github.io/dataspecer-vocabs/amcr/AMCR-model-2.2/en/"
  },
  "metadata": {
    "creationDate": "2025-10-12T16:50:14.296Z",
    "modificationDate": "2025-10-12T16:51:21.263Z"
  },
  "_version": 1,
  "_exportVersion": 1,
  "_exportedAt": "2025-10-12T16:53:21.336Z",
  "_exportedBy": "http://localhost:3100"
}